{
    "aesop_id": "1227805294",
    "twitter_id": "4613431139093603016",
    "screen_name": "@innw",
    "user_active_start_date": "2040-05-30",
    "user_active_end_date": "2040-06-03",
	"bend_order": [
		"bridge",
		"build",
		"boost",
		"back",
		"engage",
		"explain",
		"excite",
		"enhance",
		"negate",
		"neutralize",
		"narrow",
		"neglect",
		"dismiss",
		"distort",
		"dismay",
		"distract"
	],
    "bend_maneuvers":[
		"10",
		"30",
		"30",
		"30",
		"10",
		"10",
		"10",
		"10",
		"2",
		"2",
		"5",
		"5",
		"5",
		"5",
		"5",
		"5"
    ],
    "account_bio": "",
    "account_location": "",
    "account_url": "",
    "account_creation_date": "2029-04-19",
    "number_of_followers": "3567",
    "number_following": "217",
    "number_of_languages_user_tweets_in": "1",
    "percent_tweets_in_language": "en:100.00%",
    "num_original_tweets_per_day": [
        2,
        5
    ],
    "top_topics": "Environmentalism",
    "num_mentions_per_tweet": [
        0,
        4
    ],
    "accounts_to_mention": "@innw_US, @KaiaraNoBrakesWillow, @heliexpressLTD, @NorwayMFA, @Kuznetsov_RF, @IngridJohansen",
    "mention_others": "Yes",
    "num_retweets_per_day": [
        4,
        10
    ],
    "num_quotes_per_day": [
        4,
        10
    ],
    "retweet_quote_valence": "Mostly Positive",
    "retweet_quote_categories": "News (60%); Gov (30%); Environmental (7%); Other(3%)",
    "accounts_to_retweet_quote": "@innw_US, @KaiaraNoBrakesWillow, @agreenertomorrowEVS",
    "other_accounts_retweet_quote": "Yes",
    "num_hashtags_per_post": [
        0,
        4
    ],
    "top_hashtags": "#INNW, #IfNotNowThenWhen, #ShameOnNorway",
    "other_hashtags": "Yes",
    "percent_tweets_pos_neg_neut": "Positive (50%), Negative (25%), Neutral (25%)",
    "text_ratio": "1",
    "image_ratio": "1",
    "video_ratio": "0"
}