{
    "scenario_name": "Melted_Caps",
    "date_range_start": "2040-05-30",
    "date_range_end": "2040-06-03",
    "countries_of_interest": [
        "Ireland {Republic}",
        "Norway",
        "Russian Federation",
        "United Kingdom",
        "United States"
    ],
    "regions_of_interest": [
        "Northern Europe"
    ],
    "scenario_summary": "In 2040, the Arctic sea caps have melted, leading to increased maritime and aerial traffic to Arkhangelsk Oblast. Heliexpress has announced a new series of helicopter tours from Arkhangelsk Oblast, with routes flying over Kong Karls Land. This surge in traffic has sparked concerns among environmentalists, who fear it may pose a threat to the polar bears, walruses, and other wildlife inhabiting the Nordaust-Svalbard Nature Reserve. The area, previously a polar desert, has recently seen a proliferation of deciduous plants. There are also concerns that helicopter landings in this region could damage this burgeoning forestation. In response, a large-scale protest against Heliexpress is scheduled for June 1, 2040. ",
    "scenario_description": "In the scenario known as Melted Caps, which takes place from May 30th to June 3rd, 2040, the melting of Arctic sea caps has caused significant changes in Northern Europe. This has led to increased maritime and aerial traffic to Arkhangelsk Oblast, a region impacted by the melting ice. Addressing this surge in traffic and capitalizing on the new opportunities, Heliexpress, a leading helicopter tour company, has announced a series of tours from Arkhangelsk Oblast. These tours offer breathtaking routes over Kong Karls Land, attracting thrill-seekers and nature enthusiasts alike. The company's decision to expand its operations in the region reflects the growing interest in Arctic tourism and the unique experiences it offers. However, there are concerns raised by environmentalists regarding the impact of this increased traffic on the wildlife and natural habitats in the Nordaust-Svalbard Nature Reserve. With the melting ice, polar bears, walruses, and other marine animals already facing challenges to their survival, the rise in helicopter flights could further disturb their fragile ecosystems. Additionally, the Nordaust-Svalbard Nature Reserve, formerly a polar desert, has recently seen an unexpected growth of deciduous plants. This new vegetation signals a significant ecological shift, and environmentalists fear that helicopter landings in the region could cause damage to this burgeoning forestation. To express their concerns and draw attention to the potential harm posed by Heliexpress and other aircraft, environmentalists have organized a large-scale protest against the company. This protest, scheduled for June 1st, 2040, aims to raise awareness about the importance of preserving the delicate balance in the Nordaust-Svalbard Nature Reserve. It is expected to attract participants and supporters from various corners, including local communities, conservation organizations, and concerned citizens. Amidst these events, the scenario highlights the ongoing impacts of climate change and the urgent need for sustainable practices in the face of a rapidly changing environment. It underscores the potential conflict between economic opportunities and ecological preservation, as the demand for thrilling experiences clashes with the imperative to protect vulnerable species and habitats. The outcome of this scenario will depend not only on the actions taken by Heliexpress and the protesters but also on the response of the relevant governments and global community to address the broader issues of climate change and its consequences."
}