{
    "aesop_id": "2795234702",
    "name": "If Not Now, Then When",
    "type": "Interest-based",
    "organizational_leader": "",
    "main_account_handle": "@innw",
    "other_associated_handles": "@innw_US",
    "ai_bio": "INNW is known for its grassroots approach to environmental advocacy, mobilizing individuals and communities to take action on a range of pressing issues. The organization was founded in 2008 by a small group of environmental activists who recognized the urgent need for collective action in the face of escalating environmental challenges. Since its inception, INNW has grown exponentially, expanding its network and influence to become a prominent force in the environmental movement.\n\nThe organization has a decentralized structure, allowing individuals and local chapters to take ownership of their actions and campaigns. This approach has fostered a sense of empowerment and grassroots engagement, enabling INNW to effectively mobilize people across different regions and cultures. Collaboration and solidarity are key pillars of their organizational philosophy, with a strong belief in the power of collective action to bring about meaningful change.\n\nWhile INNW's focus is primarily on environmental issues, they recognize the interconnectedness of social and economic justice. The organization understands that environmental degradation disproportionately affects marginalized communities and exacerbates existing inequalities. Consequently, they strive to address issues such as environmental racism, sustainable urban development, and climate justice as part of their broader mission.\n\nOver the years, INNW has played a crucial role in raising awareness and advocating for policy changes. Their campaigns have targeted various industries and policies that contribute to environmental degradation, including fossil fuel extraction, deforestation, and unsustainable agricultural practices. INNW has also been at the forefront of advocating for renewable energy, innovative conservation strategies, and sustainable development alternatives.\n\nAs an organization committed to grassroots activism, INNW relies heavily on community involvement and public support. Their approach is characterized by direct action, public demonstrations, and community organizing. By mobilizing individuals and raising collective voices, they strive to hold governments and corporations accountable for their environmental actions and decisions.\n\nIn summary, If Not Now, Then When? is a prominent grassroots environmental organization that has grown into a global network of activists. Their decentralized structure and emphasis on collective action empower individuals and communities to address pressing environmental challenges. Through their campaigns and advocacy work, INNW aims to bring about transformative change and create a more sustainable and just future for all.",
    "ai_image": "no_image.png",
    "description": "Grass Roots Environmental Organization: \nThe environmental group \"If Not Now, Then When?\" (INNW) comprises a widespread network of activists around the globe, with significant concentrations in Australia, the United States (particularly the Pacific Northwest), Ireland, and the UK. Kaiara Willowbank, a prominent grassroots blogger for INNW, recently published a blog post addressing the issue at hand. In her post, Willowbank criticizes the Norwegian Government and its President for their silence on the matter. She argues that in such challenging times, it is crucial for leaders and nations to adopt a firmer stance in dealing with companies and countries, like Russia and Heliexpress LTD, that seek to exploit situations to their advantage. \nGrass Roots Primary Source: \n\"In these critical moments, silence is not just absence\u2014it's acquiescence. It's essential that our world leaders, including the Norwegian Government, rise to the challenge and confront those who view our environmental crises as opportunities for exploitation. Russia and Heliexpress LTD are just the tip of the iceberg. We need action, commitment, and transparency, now more than ever. Hold Norway to task, #ShameOnNorway,\" stated Kaiara Willowbank, a vocal advocate and blogger for \"If Not Now, Then When?\" "
}