{
    "aesop_id": "3622472121",
    "name": "Norwegian Ministry of Foreign Affairs",
    "type": "Government",
    "organizational_leader": "",
    "main_account_handle": "@NorwayMFA",
    "other_associated_handles": "",
    "ai_bio": "The Norwegian Ministry of Foreign Affairs, also known as Utenriksdepartementet (UD), is the governmental body responsible for the formulation and execution of Norwegian foreign policy. Established in 1905 when Norway gained its independence from Sweden, the ministry has played a crucial role in shaping the country's international relations and promoting its interests across the globe.\n\nThe ministry's primary objective is to safeguard and enhance Norway's national security, economic prosperity, and international standing. It achieves this by engaging in diplomatic efforts, negotiating treaties and agreements, representing Norway in international organizations, and providing consular services to Norwegian citizens abroad. The ministry works closely with other government agencies, ensuring coordination and coherence in foreign policy decisions.\n\nThroughout its history, the Norwegian Ministry of Foreign Affairs has been guided by the principles of peace, security, democracy, and human rights. Norway has consistently advocated for peaceful conflict resolution, disarmament, and the promotion of international law. The country has a longstanding commitment to multilateralism and works closely with regional and international partners to address global challenges such as climate change, poverty, and inequality.\n\nThe ministry also focuses on promoting Norway's economic interests and enhancing trade relations with other countries. By fostering economic cooperation and facilitating investment, it seeks to create opportunities for Norwegian businesses and help diversify the country's economy. Additionally, the ministry plays a significant role in shaping Norway's development assistance policies, aiming to support sustainable development in partner countries and contribute to poverty reduction.\n\nOver the years, the Norwegian Ministry of Foreign Affairs has evolved in response to changing geopolitical dynamics and global challenges. It has adapted its priorities and strategies to reflect new opportunities and threats, while remaining committed to the promotion of Norwegian values and interests. Today, the ministry continues to play a vital role in Norway's international engagement, working towards a peaceful, prosperous, and sustainable world for all.",
    "ai_image": "no_image.png",
    "description": ""
}