{
    "aesop_id": "3703847450",
    "name": "Ministry of Foreign Affairs of the Russian Federation",
    "type": "Government",
    "main_account_handle": "@MFA_Russia",
    "other_associated_handles": "",
    "ai_bio": "The Ministry of Foreign Affairs of the Russian Federation, also known as the Russian Foreign Ministry, is the government agency responsible for managing Russia's foreign relations and implementing its foreign policy. It is one of the most important and influential ministries in the Russian government, playing a crucial role in shaping Russia's international stance and promoting its interests on the global stage.\n\nThe history of the Russian Foreign Ministry dates back to the establishment of the Russian Empire in the 18th century. Initially known as the Collegium of Foreign Affairs, it was created in 1718 by Tsar Peter the Great to deal with diplomatic matters and manage relations with other countries. Over the years, the ministry underwent several name changes and reorganizations as Russia went through various political and social transformations.\n\nDuring the Soviet era, the ministry was known as the People's Commissariat for Foreign Affairs (NKID) and later as the Ministry of Foreign Affairs of the USSR. Under Soviet rule, the ministry played a significant role in advancing Soviet foreign policy objectives and supporting communist movements abroad. It was responsible for establishing diplomatic relations with other countries, negotiating treaties and agreements, and representing the Soviet Union in international organizations such as the United Nations.\n\nThe collapse of the Soviet Union in 1991 marked a turning point for the Russian Foreign Ministry. With the emergence of the Russian Federation as an independent state, the ministry's role expanded to include building new relationships with former Soviet republics, protecting the rights and interests of Russian citizens abroad, and promoting Russia's interests in the international community. Since then, the ministry has been actively engaged in shaping Russia's foreign policy agenda, advocating for its national interests, and maintaining diplomatic relations with countries around the world.\n\nToday, the Russian Foreign Ministry operates a vast network of embassies, consulates, and diplomatic missions across the globe. Its primary objective is to protect and promote Russia's interests in the international arena, including political, economic, cultural, and security aspects. The ministry plays a crucial role in formulating Russia's positions on global issues such as regional conflicts, nuclear disarmament, human rights, and trade relations. It also works closely with other government agencies, international organizations, and foreign partners to address shared challenges, foster cooperation, and maintain international peace and stability.\n\nIn summary, the Ministry of Foreign Affairs of the Russian Federation has a rich and complex history that reflects the political and social changes in Russia. Over the years, it has evolved from a small administrative body to a powerful and influential ministry responsible for managing Russia's foreign relations. As Russia's main diplomatic institution, the ministry plays a crucial role in shaping Russia's international stance, promoting its interests, and maintaining meaningful relationships with other countries.",
    "ai_image": "no_image.png",
    "description": ""
}