{
    "aesop_id": "4231053967",
    "name": "Heliexpress LTD",
    "type": "Corporation",
    "main_account_handle": "@heliexpressLTD",
    "other_associated_handles": "",
    "ai_bio": "Heliexpress LTD is a Russian helicopter tour company that specializes in providing unique and exhilarating tours of the beautiful Arkhangelsk Oblast and beyond. With a strong focus on delivering exceptional customer experiences and showcasing the stunning natural landscapes of the region, Heliexpress has established itself as a leading player in the helicopter tourism industry.\n\nThe company was founded in [insert year] by a group of passionate aviation enthusiasts who saw the untapped potential for helicopter tours in the Arkhangelsk Oblast. Recognizing the region's rich heritage, diverse wildlife, and breathtaking scenery, they set out to create a one-of-a-kind tourism experience that would allow visitors to truly appreciate the beauty and splendor of the area.\n\nSince its inception, Heliexpress has worked tirelessly to develop a fleet of state-of-the-art helicopters and a team of skilled pilots and tour guides to ensure the safety and satisfaction of its customers. The company places great emphasis on providing a personalized and memorable experience for every guest, tailoring tours to their specific interests and preferences.\n\nOne of the standout features of Heliexpress is its new tour route passing over Kong Karls Land, a remote and stunningly beautiful archipelago located in the Arctic Ocean. Exclusive to Heliexpress, this tour allows visitors to witness the untouched natural beauty of this unique region, offering breathtaking panoramic views of glaciers, ice floes, and wildlife, including polar bears, walruses, and various bird species.\n\nHeliexpress actively supports local communities through various initiatives, including providing employment opportunities and contributing to the preservation and promotion of the region's cultural heritage.\n\nWith its passion for helicopter aviation, and dedication to customer satisfaction Heliexpress LTD continues to exceed expectations and provide unforgettable experiences for travelers from around the world. Whether it's a thrilling aerial tour over Kong Karls Land or an exploration of the region's historical landmarks, Heliexpress is the go-to choice for discerning adventurers seeking a truly unique and immersive tour experience.",
    "ai_image": "no_image.png",
    "description": "Russian Helicopter Tour Company with new tours from Arkhangelsk Oblast passing over Kong Karls Land."
}