{
    "aesop_id": "6932196588",
    "name": "EcoVanguard Solutions",
    "type": "NGO",
    "main_account_handle": "@agreenertomorrowEVS",
    "other_associated_handles": "",
    "ai_bio": "EcoVanguard Solutions is known for its dedication to environmental preservation and its expertise in addressing environmental issues in the Arctic Sea region. The organization operates as an international NGO, advocating for sustainable practices and the protection of endangered species in this unique and fragile ecosystem. With a primary focus on pollution in the Arctic Sea, EcoVanguard Solutions aims to lead the way in finding innovative solutions to combat the increasing environmental challenges caused by human activities.\n\nUnder the leadership of Anya Chatterjee-Smith, the Chief Communications Officer of EcoVanguard Solutions' Arctic Sea Division, the organization has been vocal in criticizing companies and governments that fail to prioritize environmental concerns. One notable example is their public condemnation of Heliexpress LTD for its lack of transparency regarding their plans to mitigate their impact on endangered species populations. This highlights EcoVanguard Solutions' commitment to holding organizations accountable for their actions and encouraging them to prioritize environmental sustainability.\n\nAnya Chatterjee-Smith has also openly criticized the Russian government and specifically Governor Igor Petrovich Kuznetsov of Arkhangelsk Oblast for their disregard for the escalating environmental challenges in the Arctic Sea region. This demonstrates EcoVanguard Solutions' dedication to raising awareness and pressuring governments to prioritize environmental protection and conservation efforts.\n\nAs an international environmental organization, EcoVanguard Solutions aims to foster collaboration and open dialogue among various stakeholders to address the pressing environmental issues facing the Arctic Sea region. They emphasize the need for immediate action and cooperation in order to ensure a sustainable future for generations to come. With a vision of A Greener Tomorrow\u2122, EcoVanguard Solutions is committed to preserving the Arctic Sea and safeguarding its unique biodiversity for future generations.",
    "ai_image": "no_image.png",
    "description": "International Environmental Organization: \nEcoVanguard Solutions, an international NGO, focuses on environmental issues in the Arctic Sea region, particularly pollution, due to the area's increased activity over recent years. Anya Chatterjee-Smith, the Chief Communications Officer of their Arctic Sea Division, has publicly criticized Heliexpress LTD for not being transparent about how they plan to mitigate their impact on endangered species populations. Additionally, she has openly condemned Russia and Igor Petrovich Kuznetsov, the Governor of Arkhangelsk Oblast, for their disregard for the region's escalating environmental challenges, specifically pointing out their lack of concern for this pressing issue. \nInternational Environmental Organization, Primary Source: \n\"As the Chief Communications Officer of EcoVanguard Solutions' Arctic Sea Division, I must express our profound disappointment in the lack of transparency and concern from Heliexpress LTD, the Russian government, and particularly Governor Igor Petrovich Kuznetsov of Arkhangelsk Oblast. Their disregard for the critical environmental issues facing the Arctic Sea region, especially the threat to endangered species, is unacceptable. Immediate action and open dialogue are essential to address these pressing challenges effectively. We need to work together to make sure our children and grandchildren have A Greener Tomorrow\u2122\" \u2013 Public Statement from Anya Chatterjee-Smith, CCO of EcoVanguard Solutions Arctic Sea Division. "
}