{
    "aesop_id": "1227805294",
    "name": "Kaiara Willowbank ",
    "type": "Other",
    "title": "Influential Blogger",
    "leads": "If Not Now, Then When",
    "age": "38",
    "gender": "Female",
    "race": "Caucasian",
    "nationality": "American",
    "real_person": false,
    "entourage_size": 0,
    "entourage": [],
    "bio_prompt": "Please provide a character background for Kaiara Willowbank  a 38 year-old Female, who is the Influential Blogger of If Not Now, Then When in a realistic roleplaying game. Grass Roots Environmental Organization: \nThe environmental group \"If Not Now, Then When?\" (INNW) comprises a widespread network of activists around the globe, with significant concentrations in Australia, the United States (particularly the Pacific Northwest), Ireland, and the UK. Kaiara Willowbank, a prominent grassroots blogger for INNW, recently published a blog post addressing the issue at hand. In her post, Willowbank criticizes the Norwegian Government and its President for their silence on the matter. She argues that in such challenging times, it is crucial for leaders and nations to adopt a firmer stance in dealing with companies and countries, like Russia and Heliexpress LTD, that seek to exploit situations to their advantage. \nGrass Roots Primary Source: \n\"In these critical moments, silence is not just absence\u2014it's acquiescence. It's essential that our world leaders, including the Norwegian Government, rise to the challenge and confront those who view our environmental crises as opportunities for exploitation. Russia and Heliexpress LTD are just the tip of the iceberg. We need action, commitment, and transparency, now more than ever. Hold Norway to task, #ShameOnNorway,\" stated Kaiara Willowbank, a vocal advocate and blogger for \"If Not Now, Then When?\" ",
    "ai_bio": "Character Background: Kaiara Willowbank is a passionate and dedicated environmental activist, known for her influential blogging in support of \"If Not Now, Then When?\" Kaiara, who is 38 years old, has been involved in grassroots environmental movements for over a decade. She has gained a strong following for her engaging writing style and ability to shed light on pressing environmental issues.\n\nKaiara's interest in the environment started at a young age when she grew up surrounded by the natural beauty of the Pacific Northwest in the United States. Witnessing the impact of pollution and unsustainable practices on the environment fueled her desire to bring about change and protect the Earth's resources for future generations.\n\nWith a background in journalism and a degree in environmental studies, Kaiara uses her writing skills to raise awareness and rally support for environmental causes. She joined \"If Not Now, Then When?\" as a blogger to reach a wider audience and inspire action.\n\nKaiara's recent blog post addressing the Norwegian Government and its lack of response to environmental exploitation demonstrates her determination to hold leaders accountable. She sees silence as complicity and believes that nations and their leaders should take a strong stance against companies and countries that prioritize profit over the planet's well-being.\n\nAs an influential blogger, Kaiara plays a pivotal role in mobilizing the INNW network and engaging activists around the world. She uses social media platforms and her blog to connect with like-minded individuals, strengthen the grassroots movement, and amplify the voices of those fighting for environmental justice.\n\nKaiara's tireless activism has garnered attention from both supporters and critics. While some admire her dedication and persuasive writing, others dismiss her as an idealistic dreamer or a disruptive force. However, Kaiara remains undeterred and continues to use her platform to challenge the status quo and push for meaningful change.\n\nWith her strong convictions, knowledge, and ability to highlight the urgency of environmental issues, Kaiara Willowbank plays a crucial role in shaping the global conversation around environmental activism and inspiring others to take action in their communities.",
    "image_prompt": "A photographic portrait of a 38 year-old Caucasian Female of American descent, who is the Influential Blogger of If Not Now, Then When.",
    "ai_image": "img-HtPUBl4BfqXIvAqr3rng71gF.png",
    "description": "Grass Roots Environmental Organization: \nThe environmental group \"If Not Now, Then When?\" (INNW) comprises a widespread network of activists around the globe, with significant concentrations in Australia, the United States (particularly the Pacific Northwest), Ireland, and the UK. Kaiara Willowbank, a prominent grassroots blogger for INNW, recently published a blog post addressing the issue at hand. In her post, Willowbank criticizes the Norwegian Government and its President for their silence on the matter. She argues that in such challenging times, it is crucial for leaders and nations to adopt a firmer stance in dealing with companies and countries, like Russia and Heliexpress LTD, that seek to exploit situations to their advantage. \nGrass Roots Primary Source: \n\"In these critical moments, silence is not just absence\u2014it's acquiescence. It's essential that our world leaders, including the Norwegian Government, rise to the challenge and confront those who view our environmental crises as opportunities for exploitation. Russia and Heliexpress LTD are just the tip of the iceberg. We need action, commitment, and transparency, now more than ever. Hold Norway to task, #ShameOnNorway,\" stated Kaiara Willowbank, a vocal advocate and blogger for \"If Not Now, Then When?\" "
}