{
    "aesop_id": "1827429923",
    "name": "Anya Chatterjee-Smith",
    "type": "Organizational",
    "title": "Chief Communications Officer of the Arctic Sea Division",
    "leads": "EcoVanguard Solutions (International Environmental NGO)",
    "age": "53",
    "gender": "Female",
    "race": "Hindu",
    "nationality": "Indian",
    "real_person": false,
    "entourage_size": 0,
    "entourage": [],
    "bio_prompt": "Please provide a character background for Anya Chatterjee-Smith a 53 year-old Female, who is the Chief Communications Officer of the Arctic Sea Division of EcoVanguard Solutions (International Environmental NGO) in a realistic roleplaying game. International Environmental Organization: \nEcoVanguard Solutions, an international NGO, focuses on environmental issues in the Arctic Sea region, particularly pollution, due to the area's increased activity over recent years. Anya Chatterjee-Smith, the Chief Communications Officer of their Arctic Sea Division, has publicly criticized Heliexpress LTD for not being transparent about how they plan to mitigate their impact on endangered species populations. Additionally, she has openly condemned Russia and Igor Petrovich Kuznetsov, the Governor of Arkhangelsk Oblast, for their disregard for the region's escalating environmental challenges, specifically pointing out their lack of concern for this pressing issue. \nInternational Environmental Organization, Primary Source: \n\"As the Chief Communications Officer of EcoVanguard Solutions' Arctic Sea Division, I must express our profound disappointment in the lack of transparency and concern from Heliexpress LTD, the Russian government, and particularly Governor Igor Petrovich Kuznetsov of Arkhangelsk Oblast. Their disregard for the critical environmental issues facing the Arctic Sea region, especially the threat to endangered species, is unacceptable. Immediate action and open dialogue are essential to address these pressing challenges effectively. We need to work together to make sure our children and grandchildren have A Greener Tomorrow\u2122\" \u2013 Public Statement from Anya Chatterjee-Smith, CCO of EcoVanguard Solutions Arctic Sea Division. ",
    "ai_bio": "Anya Chatterjee-Smith is a highly respected and experienced professional in the field of environmental conservation. Born and raised in India, she developed a deep love for nature and a strong sense of environmental responsibility from a young age. With a Master's degree in Environmental Science, Anya has dedicated her entire career to addressing environmental challenges around the world.\n\nAnya joined EcoVanguard Solutions, an international NGO, early in her career and quickly rose through the ranks due to her tireless dedication and exceptional communication skills. As Chief Communications Officer of the Arctic Sea Division, Anya plays a vital role in raising awareness about the pressing environmental issues in the region.\n\nWith her extensive knowledge of the Arctic Sea ecosystem, Anya has become a recognized authority on the subject. She understands the delicate balance of the unique ecosystem and the devastating consequences of pollution and habitat destruction on endangered species populations. Anya's strong convictions and unwavering commitment to environmental justice have earned her a reputation as a fearless advocate.\n\nAnya's public criticism of Heliexpress LTD and the Russian government's actions is a reflection of her passion for transparency and accountability. She believes that open and honest dialogue is crucial in finding effective solutions to protect the Arctic Sea and its inhabitants. Anya's dedication to her cause drives her to call out those who neglect their responsibility to safeguard the environment.\n\nDespite facing resistance and opposition, Anya tenaciously continues to fight for the Arctic Sea's sustainability. She believes that collaboration is key and values working with communities, stakeholders, and international organizations to drive change. Anya's persuasive communication skills, coupled with her deep knowledge and unwavering determination, make her an invaluable asset to EcoVanguard Solutions and the larger environmental movement.",
    "image_prompt": "A photographic portrait of a 53 year-old Hindu Female of Indian descent, who is the Chief Communications Officer of the Arctic Sea Division of EcoVanguard Solutions (International Environmental NGO).",
    "ai_image": "img-8Yi28KeZ7yaFWqf1McdoEHNx.png",
    "description": "International Environmental Organization: \nEcoVanguard Solutions, an international NGO, focuses on environmental issues in the Arctic Sea region, particularly pollution, due to the area's increased activity over recent years. Anya Chatterjee-Smith, the Chief Communications Officer of their Arctic Sea Division, has publicly criticized Heliexpress LTD for not being transparent about how they plan to mitigate their impact on endangered species populations. Additionally, she has openly condemned Russia and Igor Petrovich Kuznetsov, the Governor of Arkhangelsk Oblast, for their disregard for the region's escalating environmental challenges, specifically pointing out their lack of concern for this pressing issue. \nInternational Environmental Organization, Primary Source: \n\"As the Chief Communications Officer of EcoVanguard Solutions' Arctic Sea Division, I must express our profound disappointment in the lack of transparency and concern from Heliexpress LTD, the Russian government, and particularly Governor Igor Petrovich Kuznetsov of Arkhangelsk Oblast. Their disregard for the critical environmental issues facing the Arctic Sea region, especially the threat to endangered species, is unacceptable. Immediate action and open dialogue are essential to address these pressing challenges effectively. We need to work together to make sure our children and grandchildren have A Greener Tomorrow\u2122\" \u2013 Public Statement from Anya Chatterjee-Smith, CCO of EcoVanguard Solutions Arctic Sea Division. "
}