{
    "aesop_id": "4083011984",
    "name": "Igor Petrovich Kuznetsov",
    "type": "Political",
    "title": "Governor",
    "leads": "Arkhangelsk Oblast, Russia",
    "age": "63",
    "gender": "Male",
    "race": "Russian",
    "nationality": "Russian",
    "real_person": false,
    "entourage_size": 0,
    "entourage": [],
    "bio_prompt": "Please provide a character background for Igor Petrovich Kuznetsov a 63 year-old Male, who is the Governor of Arkhangelsk Oblast, Russia in a realistic roleplaying game. In 2040, the Arctic sea caps have melted, leading to increased maritime and aerial traffic to Arkhangelsk Oblast. Heliexpress has announced a new series of helicopter tours from Arkhangelsk Oblast, with routes flying over Kong Karls Land. This surge in traffic has sparked concerns among environmentalists, who fear it may pose a threat to the polar bears, walruses, and other wildlife inhabiting the Nordaust-Svalbard Nature Reserve. The area, previously a polar desert, has recently seen a proliferation of deciduous plants. Petrovich supports Heliexpress efforts to bring tourism to his Oblast.",
    "ai_bio": "Name: Igor Petrovich Kuznetsov\nAge: 63\nGender: Male\nOccupation: Governor of Arkhangelsk Oblast, Russia\n\nBackground:\nIgor Petrovich Kuznetsov grew up in a small village in Arkhangelsk Oblast. He had a humble upbringing and witnessed firsthand the challenges faced by his community due to the remoteness and harsh climate of the region. From a young age, Igor developed a deep love for the land, nature, and the people of Arkhangelsk Oblast.\n\nAfter completing his education, Igor dedicated himself to public service, driven by a strong desire to improve the lives of the people in his region. He worked tirelessly for years, climbing the political ladder and earning a reputation as a trustworthy and competent leader. Eventually, his dedication and leadership skills led him to become the Governor of Arkhangelsk Oblast.\n\nAs the Governor, Igor Petrovich Kuznetsov has faced numerous challenges, but none as significant as the impacts of climate change on the region. With the Arctic sea caps melted in 2040, Igor recognized the opportunities it presented for Arkhangelsk Oblast. He believed that the increased maritime and aerial traffic could boost the local economy and create job opportunities for the people.\n\nHowever, Igor faced resistance from environmentalists who expressed concerns about the potential negative impact on the Nordaust-Svalbard Nature Reserve and its unique wildlife. Recognizing the responsibilities that came with his role, Igor Petrovich Kuznetsov actively engaged with the environmentalists, listening to their concerns, and seeking a balance between development and nature preservation.\n\nIgor believes that sustainable tourism can coexist with environmental preservation. He supports Heliexpress's efforts to bring helicopter tours to Arkhangelsk Oblast, as he sees it as a way to promote the natural beauty of the region and generate revenue for conservation efforts. Simultaneously, he works closely with environmental organizations and experts to establish strict regulations and guidelines to ensure that tourism activities are conducted responsibly, minimizing the impact on wildlife and their habitats.\n\nGovernor Igor Petrovich Kuznetsov is passionate about the long-term growth and stability of Arkhangelsk Oblast. He continues to push for sustainable development initiatives, invests in renewable energy projects, and promotes eco-awareness and education campaigns among the local population. He envisions Arkhangelsk Oblast as an example of responsible development, where economic progress and environmental preservation go hand in hand.",
    "image_prompt": "A photographic portrait of a 63 year-old Russian Male of Russian descent, who is the Governor of Arkhangelsk Oblast, Russia.",
    "ai_image": "img-gVIBY5ww73UNMeNCz0j9qDey.png",
    "description": "In 2040, the Arctic sea caps have melted, leading to increased maritime and aerial traffic to Arkhangelsk Oblast. Heliexpress has announced a new series of helicopter tours from Arkhangelsk Oblast, with routes flying over Kong Karls Land. This surge in traffic has sparked concerns among environmentalists, who fear it may pose a threat to the polar bears, walruses, and other wildlife inhabiting the Nordaust-Svalbard Nature Reserve. The area, previously a polar desert, has recently seen a proliferation of deciduous plants. Petrovich supports Heliexpress efforts to bring tourism to his Oblast."
}