{
    "aesop_id": "4525303696",
    "name": "Rowan Emerson",
    "type": "Other",
    "title": "Environmental Economist Professor",
    "leads": "Small liberal arts college (Boston, MA)",
    "age": "52",
    "gender": "Male",
    "race": "Caucasian",
    "nationality": "American",
    "real_person": false,
    "entourage_size": 0,
    "entourage": [],
    "bio_prompt": "Please provide a character background for Rowan Emerson a 52 year-old Male, who is the Environmental Economist Professor of Small liberal arts college (Boston, MA) in a realistic roleplaying game. Environmental Economist Professor: \nRowan Emerson, a socio-ecologist and environmental economist, recently spoke on Planetwise Broadcast Radio (PBR), emphasizing that EcoVanguard Solutions should collaborate with grassroots organizations like \"If Not Now, Then When?\" (INNW). He highlighted that although INNW may lack the funding of larger organizations, they have a broader base of support and can mobilize more voices. Emerson pointed out that EcoVanguard's criticism of the Governor of Arkhangelsk Oblast and the President of Heliexpress, while excluding the Norwegian government, indicates a disconnect from the wider environmental movement\u2014a perspective clearly demonstrated by INNW. \nEnvironmental Economist Professor, Primary Source: \n\"Rowan Emerson criticizes EcoVanguard Solutions for their narrow focus on figures like the President of Heliexpress and Governor Igor Kuznetsov, overlooking the potential of grassroots mobilization through 'If Not Now, Then When?' and the need to engage with the Norwegian government and its president. 'True environmental progress demands that we harness grassroots energy and direct our advocacy towards all pivotal actors, including those at the highest levels of government. By sidelining groups like INNW and not mobilizing against broader targets such as Norway's leadership, we miss critical opportunities for impactful change,' Emerson argues.\" ",
    "ai_bio": "Rowan Emerson is a seasoned environmental economist with a deep understanding of the socio-economic implications of environmental policies and practices. With over two decades of experience in the field, he has become a prominent figure within the academic community.\n\nHaving obtained his Ph.D. in Environmental Economics from a renowned university, Rowan's expertise lies in analyzing the economic costs and benefits associated with environmental issues. He has a strong belief in the power of economic incentives to drive sustainable solutions and has dedicated his career to finding innovative ways to reconcile ecological concerns with economic growth.\n\nRowan is currently serving as a respected professor of Environmental Economics at a small liberal arts college in Boston, Massachusetts. As an educator, he is passionate about sharing his knowledge and inspiring the next generation of environmental leaders. He believes that fostering a holistic understanding of the intricate relationship between society, the economy, and the environment is crucial for developing effective solutions to contemporary ecological challenges.\n\nOutside of academia, Rowan is an active advocate for environmental justice and sustainable development. He regularly participates in conferences and public discussions, using his expertise to influence policy decisions and promote systemic change. Rowan understands the importance of collaboration and believes that working with grassroots organizations, like \"If Not Now, Then When?\", is essential in amplifying voices and effecting meaningful change.\n\nRowan's recent appearance on Planetwise Broadcast Radio showcased his ability to think critically and constructively. His analysis of the limitations of organizations like EcoVanguard Solutions demonstrated his understanding of the broader environmental movement and the importance of holistic and inclusive approaches to environmental advocacy.\n\nIn his personal life, Rowan is an avid outdoors enthusiast. He enjoys hiking, cycling, and exploring the natural beauty of Massachusetts and its surrounding areas. These experiences undoubtedly contribute to his passion for environmental conservation and his desire to protect and preserve the natural world for future generations.",
    "image_prompt": "A photographic portrait of a 52 year-old Caucasian Male of American descent, who is the Environmental Economist Professor of Small liberal arts college (Boston, MA).",
    "ai_image": "img-bSHEX7Nwl5hae08LW9cxC3Cj.png",
    "description": "Environmental Economist Professor: \nRowan Emerson, a socio-ecologist and environmental economist, recently spoke on Planetwise Broadcast Radio (PBR), emphasizing that EcoVanguard Solutions should collaborate with grassroots organizations like \"If Not Now, Then When?\" (INNW). He highlighted that although INNW may lack the funding of larger organizations, they have a broader base of support and can mobilize more voices. Emerson pointed out that EcoVanguard's criticism of the Governor of Arkhangelsk Oblast and the President of Heliexpress, while excluding the Norwegian government, indicates a disconnect from the wider environmental movement\u2014a perspective clearly demonstrated by INNW. \nEnvironmental Economist Professor, Primary Source: \n\"Rowan Emerson criticizes EcoVanguard Solutions for their narrow focus on figures like the President of Heliexpress and Governor Igor Kuznetsov, overlooking the potential of grassroots mobilization through 'If Not Now, Then When?' and the need to engage with the Norwegian government and its president. 'True environmental progress demands that we harness grassroots energy and direct our advocacy towards all pivotal actors, including those at the highest levels of government. By sidelining groups like INNW and not mobilizing against broader targets such as Norway's leadership, we miss critical opportunities for impactful change,' Emerson argues.\" "
}