{
    "aesop_id": "4982524152",
    "name": "Ingrid Johansen",
    "type": "Political",
    "title": "President",
    "leads": "Norway",
    "age": "58",
    "gender": "Female",
    "race": "Norwegian",
    "nationality": "Norwegian",
    "real_person": false,
    "entourage_size": 0,
    "entourage": [],
    "ai_bio": "Character Background:\n\nName: Ingrid Johansen\nAge: 58\nGender: Female\nOccupation: President of Norway\n\nBackground:\nIngrid Johansen, born on February 12th, 1982, is a highly accomplished and influential politician in Norway. She was born into a middle-class family in Oslo and grew up with a strong sense of justice, fairness, and determination. From an early age, Ingrid showed great interest in public affairs, always striving to make a positive impact on society.\n\nUpon completing her education in political science from the University of Oslo, Ingrid decided to pursue a career in politics. Her straightforward and sincere approach, coupled with her exceptional leadership skills, quickly gained her popularity among the people of Norway. Throughout her career, she held various prominent positions, including serving as a Member of Parliament for two terms and later as the Minister of Finance.\n\nIngrid's rise to power was fueled by her dedication, extensive knowledge of economics, and her emphasis on development. \n\nHer election as the President of Norway in 2036 brought hope and new beginnings to the Norwegian people. Ingrid campaigned on a platform of unity, fairness, and progress, aiming to reshape Norway's socio-economic landscape for future generations. She garnered widespread support by promising to address the pressing challenges of social inequality, and technological advancements.\n\nThrough strategic partnerships with other countries, she has led initiatives on technology research and development, thereby further solidifying Norway's position as a leader in innovation. Ingrid also championed reforms in education, healthcare, and social welfare, ensuring that Norway remains a country of equal opportunities and a model for social rights throughout the world.\n\nIngrid Johansen's leadership is defined by her strong moral compass, pragmatism, and the ability to bring people together. Her regional and international diplomacy have enhanced Norway's reputation and influence on the global stage.",
    "ai_image": "img-0YzdLkmGqjvEzuRNTLyuPSrM.png",
    "description": ""
}